{
  "Interesting": {
    "pearson": {
      "coefficient": -0.06282771138806952,
      "p-value": 0.22482750250918554
    },
    "spearman": {
      "coefficient": -0.07440638008923596,
      "p-value": 0.1504178505654062
    },
    "kendalltau": {
      "coefficient": -0.052226634758267075,
      "p-value": 0.1538964178383003
    }
  },
  "Engaging": {
    "pearson": {
      "coefficient": 0.017176777267182385,
      "p-value": 0.7402359806252649
    },
    "spearman": {
      "coefficient": 0.004688821430303386,
      "p-value": 0.9278930672190584
    },
    "kendalltau": {
      "coefficient": 0.0046144176942584285,
      "p-value": 0.9008232925749764
    }
  },
  "Understandable": {
    "pearson": {
      "coefficient": 0.02304556737967379,
      "p-value": 0.6564319830877413
    },
    "spearman": {
      "coefficient": 0.000807037157378327,
      "p-value": 0.9875726240530509
    },
    "kendalltau": {
      "coefficient": 0.0007883851997254975,
      "p-value": 0.9848836255336975
    }
  },
  "Relevant": {
    "pearson": {
      "coefficient": 0.017673385171422716,
      "p-value": 0.7330074398790319
    },
    "spearman": {
      "coefficient": -0.007634234528401812,
      "p-value": 0.882859779986271
    },
    "kendalltau": {
      "coefficient": -0.00685470059000773,
      "p-value": 0.8574867978501354
    }
  },
  "Specific": {
    "pearson": {
      "coefficient": -0.011467345919034276,
      "p-value": 0.8248353953230122
    },
    "spearman": {
      "coefficient": -0.035874665570091085,
      "p-value": 0.48855205320566275
    },
    "kendalltau": {
      "coefficient": -0.02483959818798259,
      "p-value": 0.5019096146419713
    }
  },
  "Correct": {
    "pearson": {
      "coefficient": 0.04959108642848735,
      "p-value": 0.3382087001247868
    },
    "spearman": {
      "coefficient": 0.03218709354063672,
      "p-value": 0.5343492680125974
    },
    "kendalltau": {
      "coefficient": 0.023435343337283407,
      "p-value": 0.5352387231197768
    }
  },
  "Semantically appropriate": {
    "pearson": {
      "coefficient": 0.06502182996852884,
      "p-value": 0.20901864143842258
    },
    "spearman": {
      "coefficient": 0.05659892106015258,
      "p-value": 0.2742836599766638
    },
    "kendalltau": {
      "coefficient": 0.0409335685295386,
      "p-value": 0.28758292198562296
    }
  },
  "Fluent": {
    "pearson": {
      "coefficient": 0.016483088399879088,
      "p-value": 0.7503714341037386
    },
    "spearman": {
      "coefficient": 0.01179478890937009,
      "p-value": 0.8199179543434632
    },
    "kendalltau": {
      "coefficient": 0.009241755092617132,
      "p-value": 0.8123332837257283
    }
  }
}